employeeId,firstName,lastName,gender,hireDate,birthDate
1050,Sarah,White,F,2022-12-10,1966-06-06
1051,Trevor,Shields,M,2022-04-01,1968-11-20
1052,Holly,Peters,F,2018-10-17,1992-06-07
1053,Richard,Randall,M,2023-07-03,1999-09-10
1054,Jessica,Sutton,F,2021-06-10,1970-07-10
1055,Jennifer,Gilbert,F,2016-10-26,1983-04-11
1056,Tony,Miranda,M,2023-08-07,1996-10-14
1057,Veronica,Sanders,F,2022-01-07,1967-05-25
1058,Maria,Shepherd,F,2022-07-30,1981-05-14
1059,Janice,James,F,2020-07-20,1981-10-31
1060,Kathy,Waters,F,2021-02-06,1990-06-30
1061,Andrew,Peterson,M,2019-06-08,1995-03-12
1062,James,Wilson,M,2021-02-07,1971-05-23
1063,Dawn,Meza,F,2018-01-17,1965-10-30
1064,Joshua,Murphy,M,2022-06-24,1967-12-19
1065,Angela,Donaldson,F,2018-03-03,2000-05-16
1066,Frank,Ray,M,2019-10-10,1971-09-12
1067,Ashley,Martinez,F,2019-12-04,1978-03-26
1068,Deborah,Bailey,F,2022-04-30,1980-04-04
1069,Linda,Williams,F,2022-12-14,1968-09-04
1070,Teresa,Hill,F,2022-11-14,1976-10-13
1071,Thomas,Bradley,M,2023-07-05,1965-01-02
1072,Brittney,Hart,F,2022-05-11,1976-12-10
1073,Elizabeth,Rice,F,2019-12-14,2002-03-29
1074,Fred,Spencer,M,2018-09-30,1968-02-12
1075,Eric,Cox,M,2021-05-01,1998-09-10
1076,Susan,Williams,F,2014-12-02,1992-06-02
1077,Christopher,Larson,M,2023-05-08,1973-01-31
1078,David,Kennedy,M,2021-05-20,1989-09-17
1079,Elizabeth,Thomas,F,2019-06-19,2003-12-13
1080,Michelle,Patton,F,2016-02-02,1980-11-07
1081,Lori,Patterson,F,2021-04-30,2004-01-05
1082,Kimberly,Porter,F,2017-09-08,1972-08-15
1083,Rebecca,Williams,F,2021-06-21,2004-10-05
1084,Jennifer,Odonnell,F,2016-02-15,1970-08-18
1085,Maureen,Johnson,F,2024-05-01,1998-05-31
1086,Elizabeth,Clayton,F,2016-02-03,2003-01-29
1087,Christopher,Wilkins,M,2017-08-03,2002-07-02
1088,Joshua,Butler,M,2017-05-23,1967-03-05
1089,Robert,Nichols,M,2022-12-18,1987-08-06
1090,Michelle,Lewis,F,2017-12-31,1992-02-02
1091,Brian,Wade,M,2021-06-21,1996-07-06
1092,Gary,Griffin,M,2023-05-25,1991-07-14
1093,Julie,Davenport,F,2018-05-25,1970-03-10
1094,Deborah,Cook,F,2016-05-15,2000-07-05
1095,Dana,Rivera,F,2021-08-23,1992-07-02
1096,Craig,Green,M,2023-05-31,1979-09-09
1097,Rachel,Collins,F,2020-12-01,1991-12-31
1098,David,Mueller,M,2023-02-07,1976-08-07
1099,Bruce,Sims,M,2019-09-05,1988-09-06
1100,Evan,Taylor,M,2018-11-17,2000-11-20
1101,Ashley,Stone,F,2015-03-28,1980-12-20
1102,Kimberly,Melendez,F,2022-12-26,1999-06-23
1103,Michael,Kelley,M,2021-11-30,1997-04-03
1104,Holly,Gutierrez,F,2019-11-27,1996-06-27
1105,Tara,Mejia,F,2024-09-25,1992-07-02
1106,Lisa,Ayala,F,2015-01-08,2003-02-09
1107,Stephanie,Velez,F,2015-01-14,1989-10-05
1108,Brian,Miller,M,2023-03-08,1985-11-01
1109,April,Tucker,F,2024-06-08,2002-09-03
1110,Stephanie,Berg,F,2019-10-12,2004-02-09
1111,Rebecca,Thompson,F,2018-03-29,1996-05-07
1112,Sean,Moran,M,2019-08-31,2000-01-31
1113,Scott,Figueroa,M,2019-12-06,1980-10-30
1114,Charles,Williams,M,2021-11-23,2001-04-05
1115,Regina,Burton,F,2021-12-01,1970-09-07
1116,Dawn,Ferguson,F,2017-01-31,1970-10-05
1117,Michael,Brown,M,2016-06-20,1992-11-03
1118,Robin,White,F,2016-02-14,1986-07-23
1119,Crystal,Rivera,F,2023-12-16,2003-05-23
1120,Brendan,Parsons,M,2023-10-14,1993-10-12
1121,William,Johnson,M,2018-06-19,1983-02-26
1122,Albert,Fields,M,2016-11-18,1989-01-15
1123,Andrew,Gray,M,2018-11-11,1973-06-15
1124,Samantha,Johnson,F,2016-11-21,2003-04-20
1125,Daniel,Edwards,M,2023-06-03,1967-11-19
1126,Barbara,Bowen,F,2023-12-25,1998-04-12
1127,Bryan,Smith,M,2015-08-30,1966-10-08
1128,Angela,Moon,F,2015-05-20,1970-09-01
1129,Alexa,Lopez,F,2015-12-04,1997-07-20
1130,Patrick,Perry,M,2023-11-07,1974-09-13
1131,Julia,Allen,F,2022-10-29,1974-02-01
1132,Elizabeth,Wallace,F,2023-03-20,1986-03-19
1133,John,Garcia,M,2020-10-17,2001-06-17
1134,Rhonda,Wilson,F,2020-12-26,1993-04-21
1135,Henry,Evans,M,2024-04-03,1968-04-06
1136,Rebecca,Munoz,F,2015-06-26,1980-11-23
1137,Cynthia,Rose,F,2022-06-04,1998-04-23
1138,Alicia,Shaw,F,2018-03-27,2001-02-27
1139,Jonathan,Stevenson,M,2015-08-26,1999-12-12
1140,Dawn,Lee,F,2021-03-20,1991-04-07
1141,Carlos,Jackson,M,2021-09-22,1975-01-15
1142,Danny,Morton,M,2019-05-23,1966-08-08
1143,Crystal,Murphy,F,2019-01-19,1981-02-14
1144,Jonathan,Nichols,M,2019-11-03,1977-09-28
1145,Kaitlin,Bowers,F,2023-10-11,1976-01-24
1146,Patricia,Bates,F,2018-06-27,2001-05-03
1147,William,Parker,M,2023-07-29,1969-01-03
1148,Kyle,Hicks,M,2022-05-11,1990-02-18
1149,Alicia,Benton,F,2022-04-21,2001-09-06
